INSERT INTO templates (template_id, name, mask, value)
VALUES (
  1
  , 'Поршневые серии МС'
  , 'МC Х/ХхХ-Х.Х.Х.ХХ(Х)(Х)'
  , '(?P<series>[a-zA-Zа-яА-я]+)\s*\s+\s*(?P<D>\d+)\s*\/\s*(?P<d>\d+)\s*x\s*(?P<S>\d+)\s*-\s*(?P<pressure>\d+)\s*.\s*(?P<attachment>\d+)\s*.?\s*(?P<working_fluid>\d+)?\s*.?\s*(?P<hydraulic_cylinder>A|K|C|F|D|РТ)?\s*(?P<climatic>T|YXL|XL)?\s*\(\s*(?P<L>\d+)\s*\)\s*\(?\s*(?P<supply_hydraulic_cylinders>\d+)?\s*\)?'
);

INSERT INTO directories (directory_id, name)
VALUES
    (1, 'Серии')
    , (2, 'Исполнение по номинальному давлению')
    , (3, 'Исполнение по способу крепления гидроцилиндров')
    , (4, 'Исполнение по подводу рабочей жидкости')
    , (5, 'Конструктивное исполнение гидроцилиндра')
    , (6, 'Климатическое исполнение')
;

INSERT INTO directory_values (directory_id, key, value)
VALUES
    (1, 'C', 'Поршневые серии С')
    , (1, 'MC', 'Поршневые серии МС')
    , (1, 'MCP', 'Плунжерные серии МС')

    , (2, '3', '16 МПа')
    , (2, '4', '20 МПа')
    , (2, '5', '25 МПа')
    , (2, '6', '28 МПа')

    , (3, '00', 'Корпус и шток с подготовленными концами под сварку')
    , (3, '01', 'Корпус с подготовкой конца под сварку и проушина с шарнирным подшипником на штоке')
    , (3, '02', 'Корпус с подготовкой конца под сварку и шток с проушиной')
    , (3, '04', 'Корпус с подготовкой конца под сварку и шток с вилкой')
    , (3, '05', 'Корпус с подготовкой конца под сварку и шток с резьбой')
    , (3, '07', 'Корпус с подготовкой конца под сварку и шток с разъемной головкой')
    , (3, '08', 'Корпус с подготовкой конца под сварку и шток со сферой или грибком')
    , (3, '09', 'Корпус с подготовкой конца под сварку и шток с фланцем')
    , (3, '10', 'Проушина с шарнирным подшипником на корпусе и шток с подготовкой конца под сварку')
    , (3, '11', 'Проушины с шарнирным подшипником на корпусе и штоке')
    , (3, '12', 'Проушина с шарнирным подшипником на корпусе и шток с проушиной')
    , (3, '14', 'Проушина с шарнирным подшипником на корпусе и шток с вилкой')
    , (3, '15', 'Проушина с шарнирным подшипником на корпусе и шток с резьбой')
    , (3, '17', 'Проушина с шарнирным подшипником на корпусе и шток с разъемной головкой')
    , (3, '18', 'Проушина с шарнирным подшипником на корпусе и шток со сферой или грибком')
    , (3, '19', 'Проушина с шарнирным подшипником на корпусе и шток с фланцем')
    , (3, '20', 'Проушина на корпусе и шток с подготовкой конца под сварку')
    , (3, '21', 'Проушина на корпусе и шарнирный подшипник на штоке')
    , (3, '22', 'Проушины на корпусе и штоке')
    , (3, '24', 'Проушина на корпусе и шток с вилкой')
    , (3, '25', 'Проушина на корпусе и шток с резьбой')
    , (3, '27', 'Проушина на корпусе и шток с разъемной головкой')
    , (3, '28', 'Проушина на корпусе и шток со сферой или грибком')
    , (3, '29', 'Проушина на корпусе и шток с фланцем')
    , (3, '30', 'Корпус на цапфах и шток с подготовкой конца под сварку')
    , (3, '31', 'Корпус на цапфах и проушина с шарнирным подшипником на штоке')
    , (3, '32', 'Корпус на цапфах и проушина на штоке')
    , (3, '34', 'Корпус на цапфах и шток с вилкой')
    , (3, '35', 'Корпус на цапфах и шток с резьбой')
    , (3, '37', 'Корпус на цапфах и шток с разъемной головкой')
    , (3, '38', 'Корпус на цапфах и шток со сферой или грибком')
    , (3, '39', 'Корпус на цапфах и шток с фланцем')
    , (3, '40', 'Вилка на корпусе и шток с подготовкой конца под сварку')
    , (3, '41', 'Вилка на корпусе и проушина с шарнирным подшипником на штоке')
    , (3, '42', 'Вилка на корпусе и проушина на штоке')
    , (3, '44', 'Вилка на корпусе и штоке')
    , (3, '45', 'Вилка на корпусе и шток с резьбой')
    , (3, '47', 'Вилка на корпусе и шток с разъемной головкой')
    , (3, '48', 'Вилка на корпусе и шток со сферой или грибком')
    , (3, '49', 'Вилка на корпусе и шток с фланцем')
    , (3, '50', 'Корпус с резьбой и шток с подготовкой конца под сварку')
    , (3, '51', 'Корпус с резьбой и проушина с шарнирным подшипником на штоке')
    , (3, '52', 'Корпус с резьбой и проушина на штоке')
    , (3, '54', 'Корпус с резьбой и шток с вилкой')
    , (3, '55', 'Корпус с резьбой и шток с резьбой')
    , (3, '57', 'Корпус с резьбой и шток с разъемной головкой')
    , (3, '58', 'Корпус с резьбой и шток со сферой или грибком')
    , (3, '59', 'Корпус с резьбой и шток с фланцем')
    , (3, '70', 'Корпус с разъемной проушиной и шток с подготовкой конца под сварку')
    , (3, '71', 'Корпус с разъемной проушиной и проушина с шарнирным подшипником на штоке')
    , (3, '72', 'Корпус с разъемной проушиной и проушина на штоке')
    , (3, '74', 'Корпус с разъемной проушиной и шток с вилкой')
    , (3, '75', 'Корпус с разъемной проушиной и шток с резьбой')
    , (3, '77', 'Корпус с разъемной проушиной и шток с разъемной проушиной')
    , (3, '78', 'Корпус с разъемной проушиной и шток со сферой или грибком')
    , (3, '79', 'Корпус с разъемной проушиной и шток с фланцем')
    , (3, '80', 'Корпус со сферой или грибком и шток с подготовкой конца под сварку')
    , (3, '81', 'Корпус со сферой или грибком и проушина с шарнирным подшипником на штоке')
    , (3, '82', 'Корпус со сферой или грибком и проушина на штоке')
    , (3, '84', 'Корпус со сферой или грибком и шток с вилкой')
    , (3, '85', 'Корпус со сферой или грибком и шток с резьбой')
    , (3, '87', 'Корпус со сферой или грибком и шток с разъемной проушиной')
    , (3, '88', 'Корпус со сферой или грибком и шток со сферой или грибком')
    , (3, '89', 'Корпус со сферой или грибком и шток с фланцем')
    , (3, '90', 'Корпус с фланцем и шток с подготовкой конца под сварку')
    , (3, '91', 'Корпус с фланцем и проушина с шарнирным подшипником на штоке')
    , (3, '92', 'Корпус с фланцем и проушина на штоке')
    , (3, '94', 'Корпус с фланцем и шток с вилкой')
    , (3, '95', 'Корпус с фланцем и шток с резьбой')
    , (3, '97', 'Корпус с фланцем и шток с разъемной проушиной')
    , (3, '98', 'Корпус с фланцем и шток со сферой или грибком')
    , (3, '99', 'Корпус с фланцем и шток с фланцем')

    , (4, '0', 'Бонка с внутренней резьбой')
    , (4, '1', 'Бонки с внутренней резьбой расположены в зоне передней крышки с подводом маслопровода')
    , (4, '2', 'Бонка с угловым штуцером с наружной резьбой')
    , (4, '3', 'Штуцер с наружной резьбой')
    , (4, '4', 'Бонки с внутренней резьбой, расположенные под углом друг к другу')
    , (4, '5', 'Штуцеры с наружной резьбой, расположенные под углом друг к другу')
    , (4, '6', 'Фланец приварной')

    , (5, 'A', 'наличие механического ограничителя хода поршня')
    , (5, 'K', 'возможность регулировки межцентрового расстояния')
    , (5, 'C', 'с замедлительным клапаном')
    , (5, 'F', 'фланцевое крепление крышки передней')
    , (5, 'PT', 'гидроцилиндр плуга оборотного')
    , (5, 'D', 'наличие демпферного устройства')

    , (6, 'T', 'тропический климат')
    , (6, 'YXL', 'умеренно-холодный климат')
    , (6, 'XL', 'холодный климат')
;

INSERT INTO template_keys (template_id, name, description, pattern, directory_id)
VALUES
    (1, 'series', 'Серия', 'Серия поршневых одноступенчатых гидроцилиндров', 1)
    , (1, 'D', 'Диаметр цилиндра', 'Диаметр цилиндра {value} мм', NULL)
    , (1, 'd', 'Диаметр штока', 'Диаметр штока {value} мм', NULL)
    , (1, 'S', 'Ход поршня', 'Ход поршня {value}, мм', NULL)
    , (1, 'pressure', 'Исполнение по номинальному давлению', '', 2)
    , (1, 'attachment', 'Исполнение по способу крепления гидроцилиндров', '', 3)
    , (1, 'working_fluid', 'Исполнение по подводу рабочей жидкости', 'Бонка с внутренней резьбой', 4)
    , (1, 'hydraulic_cylinder', 'Конструктивное исполнение гидроцилиндра', 'Отсутствие данных конструктивных исполнений', 5)
    , (1, 'climatic', 'Климатическое исполнение', 'Тропический климат', 6)
    , (1, 'L', 'Межцентровое расстояние', 'Межцентровое расстояние {value} мм', NULL)
    , (1, 'supply_hydraulic_cylinders', 'Вариант поставки гидроцилиндра', '{value}', NULL)
;
